slug,cond,claim,出力側でいちばん近い文（機械が選んだ候補・裁定は人）,類似度,当方の見立て（≥0.85＝言い換えて残った／未満＝要確認）,裁定（言い換えて残った／落ちた／反転）,根拠
ai-app-before-release,0,** ただし、個人情報・決済・ログイン（認証）を扱うもの、不特定多数に公開するものは、これに加えて確認が要ります。,** ただし、個人情報・決済・ログイン（認証）を扱うもの、不特定多数に公開するものは、さらに確認が要ります。,0.94,言い換えて残った（見立て）,,
ai-code-stopped-working,0,** [当方の診断レポートの見本](/works/repair/#sample)（自作のデモアプリ）では、テストが 5 件すべて通り、型の検査もエラー 0 のまま、計算は仕様どおりではありませんでした。,** [当方の診断レポートの見本](/works/repair/#sample)（自作のデモアプリ）では、テスト 5 件と型検査がすべて通ったまま、計算は仕様どおりではありませんでした。,0.89,言い換えて残った（見立て）,,
before-asking-for-estimate,0,"ただし、現物を動かして原因や仕様を確かめないと範囲が決められない場合は、先に診断（有料・[診断 33,000 円で、何が分かって、何が分からないか](/works/guide/diagnosis-what-you-get/)）をご案内します。","ただし、現物を動かさないと範囲が決められない場合は、先に診断（有料・[診断 33,000 円で、何が分かって、何が分からないか](/works/guide/diagnosis-what-you-get/)）をご案内します。",0.95,言い換えて残った（見立て）,,
before-asking-for-estimate,0,ここまでは費用がかかりません（問い合わせと一次確認＝無料。,"ここまでは費用がかかりません（現物を使った原因や仕様の調査のみ、診断 33,000 円・税込・1 症状・1 営業日相当まで）。",0.35,要確認,,
csv-to-sheet-automation,0,合意してから作り、納品では合否条件を通した検証の結果と、確かめていない範囲も一緒に渡します。,合意してから作り、納品では検証の結果と、確かめていない範囲も一緒に渡します。,0.90,言い換えて残った（見立て）,,
diagnosis-what-you-get,0,** 「たまに落ちる」「お客さんの環境でだけ起きる」は、再現の条件が見つかるまで原因を名指ししません。,** 「たまに落ちる」「お客さんの環境でだけ起きる」は、再現条件が見つかるまで原因を名指ししません。,0.99,言い換えて残った（見立て）,,
diagnosis-what-you-get,0,それで足りないと分かった時点で手を止め、そこまでに確かめた条件と「見ていない箇所」をレポートに書いて診断を終えます（費用は同じ）。,足りないと分かった時点で手を止め、確かめた条件と「見ていない箇所」をレポートに書いて診断を終えます（費用は同じ）。,0.93,言い換えて残った（見立て）,,
estimate-compare-five,0,第三者が見るときも、金額の妥当性そのものは判定しません。,第三者が見るときも、金額の妥当性は判定しません。,0.92,言い換えて残った（見立て）,,
inherited-without-spec,0,合っているかどうか分からない結果は、基準にしません。,合っているか分からない結果は基準にしません。,0.92,言い換えて残った（見立て）,,
