pilot,ai-app-before-release,A,1,2026-09-19T14:54:13,41,1665,1600,0,
pilot,ai-app-before-release,A,2,2026-09-19T14:54:42,29,1665,1605,0,
pilot,ai-app-before-release,A,3,2026-09-19T14:55:43,61,1665,1525,0,
pilot,ai-code-stopped-working,A,1,2026-09-19T15:00:31,288,1423,1127,0,
pilot,ai-code-stopped-working,A,2,2026-09-19T15:01:01,30,1423,1320,0,
pilot,ai-code-stopped-working,A,3,2026-09-19T15:01:31,30,1423,1325,0,
pilot,automation-what-stays-human,A,1,2026-09-19T15:01:58,27,1205,1163,0,
pilot,automation-what-stays-human,A,2,2026-09-19T15:02:46,48,1205,1083,0,
pilot,automation-what-stays-human,A,3,2026-09-19T15:03:11,25,1205,1144,0,
main,ai-app-before-release,B,1,2026-09-19T15:04:12,29,1665,1625,0,
main,ai-app-before-release,A,1,2026-09-19T15:05:10,58,1665,1548,0,
main,ai-app-before-release,C,1,2026-09-19T15:06:52,102,1665,1517,0,
main,ai-code-stopped-working,C,1,2026-09-19T15:07:57,66,1423,1292,0,
main,ai-code-stopped-working,A,1,2026-09-19T15:08:21,24,1423,1307,0,
main,ai-code-stopped-working,B,1,2026-09-19T15:11:47,205,1423,1114,0,
main,automation-what-stays-human,A,1,2026-09-19T15:12:31,44,1205,1073,0,
main,automation-what-stays-human,B,1,2026-09-19T15:13:17,46,1205,1120,0,
main,automation-what-stays-human,C,1,2026-09-19T15:16:36,199,1205,969,0,
main,before-asking-for-estimate,A,1,2026-09-19T15:17:04,28,1678,1580,0,
main,before-asking-for-estimate,C,1,2026-09-19T15:17:33,29,1678,1616,0,
main,before-asking-for-estimate,B,1,2026-09-19T15:19:26,113,1678,1506,0,
main,csv-to-sheet-automation,B,1,2026-09-19T15:20:30,65,1403,1284,0,
main,csv-to-sheet-automation,C,1,2026-09-19T15:21:19,49,1403,1315,0,
main,csv-to-sheet-automation,A,1,2026-09-19T15:22:16,56,1403,1251,0,
main,diagnosis-what-you-get,C,1,2026-09-19T15:24:01,105,1797,1653,0,
main,diagnosis-what-you-get,A,1,2026-09-19T15:24:29,28,1797,1697,0,
main,diagnosis-what-you-get,B,1,2026-09-19T15:25:31,62,1797,1666,0,
main,estimate-compare-five,B,1,2026-09-19T15:27:05,94,1348,1227,0,
main,estimate-compare-five,A,1,2026-09-19T15:27:31,26,1348,1311,0,
main,estimate-compare-five,C,1,2026-09-19T15:29:26,115,1348,1168,0,
main,five-checks-before-accepting,C,1,2026-09-19T15:30:22,55,1255,1172,0,
main,five-checks-before-accepting,A,1,2026-09-19T15:30:54,32,1255,1193,0,
main,five-checks-before-accepting,B,1,2026-09-19T15:34:44,230,1255,983,0,
main,inherited-without-spec,C,1,2026-09-19T15:35:36,52,1276,1142,0,
main,inherited-without-spec,A,1,2026-09-19T15:36:01,25,1276,1189,0,
main,inherited-without-spec,B,1,2026-09-19T15:36:23,22,1276,1212,0,
main,nocode-fails-in-production,C,1,2026-09-19T15:36:43,20,1149,1067,0,
main,nocode-fails-in-production,B,1,2026-09-19T15:40:44,241,1149,922,0,
main,nocode-fails-in-production,A,1,2026-09-19T15:41:11,27,1149,1024,0,
main,outsourced-unfinished,B,1,2026-09-19T15:42:37,85,1509,1389,0,
main,outsourced-unfinished,A,1,2026-09-19T15:43:04,27,1509,1394,0,
main,outsourced-unfinished,C,1,2026-09-19T15:44:13,69,1509,1395,0,
main,paste-code-into-ai,B,1,2026-09-19T15:45:11,58,1762,1647,0,
main,paste-code-into-ai,A,1,2026-09-19T15:45:41,30,1762,1688,0,
main,paste-code-into-ai,C,1,2026-09-19T15:46:45,65,1762,1572,0,
main,site-slow-measure-first,C,1,2026-09-19T15:48:36,110,1290,1018,0,
main,site-slow-measure-first,A,1,2026-09-19T15:49:24,48,1290,1191,0,
main,site-slow-measure-first,B,1,2026-09-19T15:51:03,99,1290,1159,0,
main,vendor-unreachable,B,1,2026-09-19T15:51:53,50,1303,1232,0,
main,vendor-unreachable,A,1,2026-09-19T15:52:18,25,1303,1232,0,
main,vendor-unreachable,C,1,2026-09-19T15:52:46,28,1303,1225,0,
main,ai-app-before-release,0,1,2026-09-19T16:26:23,28,1665,1589,0,
main,ai-code-stopped-working,0,1,2026-09-19T16:26:51,28,1423,1316,0,
main,automation-what-stays-human,0,1,2026-09-19T16:27:11,21,1205,1138,0,
main,before-asking-for-estimate,0,1,2026-09-19T16:27:39,28,1678,1552,0,
main,csv-to-sheet-automation,0,1,2026-09-19T16:28:05,26,1403,1285,0,
main,diagnosis-what-you-get,0,1,2026-09-19T16:28:38,34,1797,1660,0,
main,estimate-compare-five,0,1,2026-09-19T16:29:09,31,1348,1279,0,
main,five-checks-before-accepting,0,1,2026-09-19T16:29:55,46,1255,1168,0,
main,inherited-without-spec,0,1,2026-09-19T16:30:17,22,1276,1193,0,
main,nocode-fails-in-production,0,1,2026-09-19T16:30:48,31,1149,1076,0,
main,outsourced-unfinished,0,1,2026-09-19T16:31:15,27,1509,1448,0,
main,paste-code-into-ai,0,1,2026-09-19T16:31:43,28,1762,1650,0,
main,site-slow-measure-first,0,1,2026-09-19T16:32:07,24,1290,1166,0,
main,vendor-unreachable,0,1,2026-09-19T16:32:34,27,1303,1246,0,
